{"cameraMode":{"drawMode":0,"name":"Shaded","section":"Shading Mode"},"sceneLighting":false,"audioPlay":false,"sceneViewState":{"showFog":false,"showMaterialUpdate":false,"showSkybox":false,"showFlares":false,"showImageEffects":false,"showParticleSystems":false},"in2DMode":false,"pivot":{"x":-5.52316951751709,"y":-0.22536075115203858,"z":0.19705484807491303},"rotation":{"x":0.30564215779304507,"y":-0.09746414422988892,"z":0.031468406319618228,"w":0.9466220736503601},"size":71.5308609008789,"orthographic":false}